{"gurbani":{"bottom":42,"height":42,"left":125.66667175292969,"right":925.6666870117188,"top":0,"width":800},"teeka":{"bottom":0,"height":0,"left":0,"right":0,"top":0,"width":0},"translation":{"bottom":78,"height":36,"left":125.66667175292969,"right":925.6666870117188,"top":42,"width":800},"transliteration":{"bottom":0,"height":0,"left":0,"right":0,"top":0,"width":0}}